{
  "version": "1.0",
  "nodes": [
    {
      "node_id": 1,
      "type": "warm",
      "title": "We definately need a way to copy paste nodes from one session to another",
      "full_text": "",
      "pos_x": 86.52822151224723,
      "pos_y": -939.8296059637914,
      "width": 1336.261980830671,
      "height": 72.79020234291795
    },
    {
      "node_id": 3,
      "type": "about",
      "title": "About",
      "full_text": "",
      "pos_x": 1024.08490408114,
      "pos_y": -968.1249216270917,
      "width": 200.0,
      "height": 50.0
    }
  ],
  "progress_value": 100.0,
  "joy_buckets": 0,
  "viewport": {
    "scale": 0.7512,
    "center_x": 820.02,
    "center_y": -652.29
  }
}